{
	"info": {
		"_postman_id": "3cc3fcff-f23a-43da-83b9-aa0ab17f44bb",
		"name": "1. Vector Search (nearText)",
		"description": "Vector similarity search is **a technique that finds similar content or data according to their vector representations**. Imagine each piece of data as a collection of numbers arranged in a specific way. By comparing these collections of numbers, we can quickly search for similar content or data in larger datasets.\n\n[https://weaviate.io/developers/weaviate/search/similarity](https://weaviate.io/developers/weaviate/search/similarity)\n\n<img src=\"https://content.pstmn.io/58407ac2-64cf-404e-8fda-17070d832808/eHgucG5n\">",
		"schema": "https://schema.getpostman.com/json/collection/v2.1.0/collection.json",
		"_exporter_id": "8067986"
	},
	"item": [
		{
			"name": "A. Vector Search (return title, description)",
			"request": {
				"auth": {
					"type": "bearer",
					"bearer": [
						{
							"key": "token",
							"value": "",
							"type": "string"
						}
					]
				},
				"method": "POST",
				"header": [
					{
						"key": "Content-Type",
						"value": "application/json",
						"type": "text",
						"uuid": "bd597927-a0a4-4529-a44f-5a910e81e3d2"
					},
					{
						"key": "Authorization",
						"value": "Bearer {{WEAVIATE_API_KEY}}",
						"type": "text",
						"uuid": "c60e5f81-9786-4301-82b0-9796fdaebf53"
					},
					{
						"key": "X-OpenAI-Api-Key",
						"value": "{{OPENAI_API_KEY}}",
						"type": "text",
						"uuid": "05c7ebe2-0e32-49df-a60a-2f64f7d50a6e"
					}
				],
				"body": {
					"mode": "raw",
					"raw": "{ \"query\": \"{Get {Book(limit: 10 nearText: {concepts: [\\\"Search for mysteries set in Western Europe.\\\"]} ) {title description _additional {certainty distance}}}}\" }"
				},
				"url": {
					"raw": "{{URL_TO_WEAVIATE}}",
					"host": [
						"{{URL_TO_WEAVIATE}}"
					]
				},
				"description": "Apply prompt and return title and description, only.\n\n<img src=\"https://content.pstmn.io/9c9886ab-2d25-4850-9f76-3fcbe25e1cb2/eHgucG5n\">"
			},
			"response": []
		},
		{
			"name": "B. Vector Search (return all properties)",
			"request": {
				"auth": {
					"type": "bearer",
					"bearer": [
						{
							"key": "token",
							"value": "",
							"type": "string"
						}
					]
				},
				"method": "POST",
				"header": [
					{
						"key": "Content-Type",
						"value": "application/json",
						"type": "text",
						"uuid": "c3da0346-3f17-4028-a788-2eead1c36c68"
					},
					{
						"key": "Authorization",
						"value": "Bearer {{WEAVIATE_API_KEY}}",
						"type": "text",
						"uuid": "744cf056-af89-4847-aa57-2de31542aeb8"
					},
					{
						"key": "X-OpenAI-Api-Key",
						"value": "{{OPENAI_API_KEY}}",
						"type": "text",
						"uuid": "2d0f04f6-64bc-4d77-8a03-493eb49d56e7"
					}
				],
				"body": {
					"mode": "raw",
					"raw": "{ \"query\": \"{Get {Book(limit: 50 nearText: {concepts: [\\\"Search for mysteries set in Western Europe.\\\"]} ) { isbn10 isbn13 title categories authors num_pages average_rating published_year authors thumbnail description _additional {id creationTimeUnix certainty distance}}}}\" }",
					"options": {
						"raw": {
							"language": "json"
						}
					}
				},
				"url": {
					"raw": "{{URL_TO_WEAVIATE}}",
					"host": [
						"{{URL_TO_WEAVIATE}}"
					]
				},
				"description": "Apply prompt and return all properties available for the Book schema.\n\n<img src=\"https://content.pstmn.io/ccadccc4-bc95-49e1-9354-f2147c6baf69/eHgucG5n\" alt=\"\" height=\"856\" width=\"870\">"
			},
			"response": []
		}
	],
	"event": [
		{
			"listen": "prerequest",
			"script": {
				"type": "text/javascript",
				"packages": {},
				"exec": [
					""
				]
			}
		},
		{
			"listen": "test",
			"script": {
				"type": "text/javascript",
				"packages": {},
				"exec": [
					""
				]
			}
		}
	],
	"variable": [
		{
			"key": "OPENAI_API_KEY",
			"value": "sk-proj-kV5hYxTv1eVoN1W6xCkIT3BlbkFJJrlqjNDc3eeRgfZvsMbK",
			"type": "string"
		},
		{
			"key": "WEAVIATE_API_KEY",
			"value": "n6mdfI32xrXF3DH76i8Pwc2IajzLZop2igb6",
			"type": "string"
		},
		{
			"key": "URL_TO_WEAVIATE",
			"value": "https://zxzyqcyksbw7ozpm5yowa.c0.us-west2.gcp.weaviate.cloud/v1/graphql",
			"type": "string"
		}
	]
}