{
	"info": {
		"_postman_id": "e8b56637-8529-4c28-b79e-63ad443556a2",
		"name": "2. Best Match (BM25)",
		"description": "When a user submits a BM25 query, Weaviate will look for objects that contain the search terms in the text properties of the objects. Then, it will rank the results based on how many times the search terms appear in the text properties of the objects.\n\n[https://weaviate.io/developers/weaviate/search/bm25](https://weaviate.io/developers/weaviate/search/bm25)\n\n<img src=\"https://content.pstmn.io/112e539c-7dbf-4ad2-b5ba-50f90a0220c7/eHgucG5n\" width=\"1348\" height=\"796\">",
		"schema": "https://schema.getpostman.com/json/collection/v2.1.0/collection.json",
		"_exporter_id": "8067986"
	},
	"item": [
		{
			"name": "A. Exact Phrase (on One Property)",
			"request": {
				"auth": {
					"type": "bearer",
					"bearer": [
						{
							"key": "token",
							"value": "",
							"type": "string"
						}
					]
				},
				"method": "POST",
				"header": [
					{
						"key": "Content-Type",
						"value": "application/json",
						"type": "text",
						"uuid": "3acc6b57-4f02-4f24-b87f-b401ee987f2e"
					},
					{
						"key": "Authorization",
						"value": "Bearer {{WEAVIATE_API_KEY}}",
						"type": "text",
						"uuid": "8edc9f85-723e-4d0c-a42f-1ee3767e4b13"
					},
					{
						"key": "X-OpenAI-Api-Key",
						"value": "{{OPENAI_API_KEY}}",
						"type": "text",
						"uuid": "c549f86d-7ed6-4151-b5bd-30890f668035"
					}
				],
				"body": {
					"mode": "raw",
					"raw": "{ \"query\": \"{ Get { Book( limit: 10 bm25: { query: \\\"spain\\\" properties: [\\\"description\\\"] } ) { title description } } }\" }"
				},
				"url": {
					"raw": "{{URL_TO_WEAVIATE}}",
					"host": [
						"{{URL_TO_WEAVIATE}}"
					]
				},
				"description": "Match phrase on one property, only\n\n<img src=\"https://content.pstmn.io/99f78874-b198-4c55-8ef1-9a634fb3530a/eHgucG5n\" alt=\"\">"
			},
			"response": []
		},
		{
			"name": "B.  Exact Phrase (on Two Properties)",
			"request": {
				"auth": {
					"type": "bearer",
					"bearer": [
						{
							"key": "token",
							"value": "",
							"type": "string"
						}
					]
				},
				"method": "POST",
				"header": [
					{
						"key": "Content-Type",
						"value": "application/json",
						"type": "text",
						"uuid": "467b1758-e5a3-4554-b088-23bc918ad880"
					},
					{
						"key": "Authorization",
						"value": "Bearer {{WEAVIATE_API_KEY}}",
						"type": "text",
						"uuid": "c4fb7630-a69c-43f8-a82c-507b325a393c"
					},
					{
						"key": "X-OpenAI-Api-Key",
						"value": "{{OPENAI_API_KEY}}",
						"type": "text",
						"uuid": "d950d423-1ba6-4686-ba8b-2b3c8783c1ca"
					}
				],
				"body": {
					"mode": "raw",
					"raw": "{ \"query\": \"{ Get { Book( limit: 10 bm25: { query: \\\"spain\\\" properties: [\\\"description\\\", \\\"title\\\"] } ) { title description } } }\" }"
				},
				"url": {
					"raw": "{{URL_TO_WEAVIATE}}",
					"host": [
						"{{URL_TO_WEAVIATE}}"
					]
				},
				"description": "Match phrase on two different properties.\n\n<img src=\"https://content.pstmn.io/e330b0c4-bc21-46b7-b27b-f2e4672fdbea/eHgucG5n\" alt=\"\">"
			},
			"response": []
		},
		{
			"name": "C.  Exact Phrase (Weighted Property)",
			"request": {
				"auth": {
					"type": "bearer",
					"bearer": [
						{
							"key": "token",
							"value": "",
							"type": "string"
						}
					]
				},
				"method": "POST",
				"header": [
					{
						"key": "Content-Type",
						"value": "application/json",
						"type": "text",
						"uuid": "5a2142d3-8528-499c-9fdb-5ee0f7f6e871"
					},
					{
						"key": "Authorization",
						"value": "Bearer {{WEAVIATE_API_KEY}}",
						"type": "text",
						"uuid": "c41af59c-8e11-495d-b9d4-d8e38ccfa45f"
					},
					{
						"key": "X-OpenAI-Api-Key",
						"value": "{{OPENAI_API_KEY}}",
						"type": "text",
						"uuid": "7993987b-3599-4f30-9289-67fd3274e117"
					}
				],
				"body": {
					"mode": "raw",
					"raw": "{ \"query\": \"{ Get { Book( limit: 10 bm25: { query: \\\"spain\\\" properties: [\\\"description\\\", \\\"title^2\\\"] } ) { title description } } }\" }"
				},
				"url": {
					"raw": "{{URL_TO_WEAVIATE}}",
					"host": [
						"{{URL_TO_WEAVIATE}}"
					]
				},
				"description": "Match phrase on two different properties, but one of the properties is weighted to have more of a significance.\n\neg \"title^2\" means weight matches in the **property** title by a factor of 2 more than in the **description**.\n\n<img src=\"https://content.pstmn.io/b9deea99-3141-4a43-bd7b-ef39cc1206ca/eHgucG5n\">"
			},
			"response": []
		}
	],
	"event": [
		{
			"listen": "prerequest",
			"script": {
				"type": "text/javascript",
				"packages": {},
				"exec": [
					""
				]
			}
		},
		{
			"listen": "test",
			"script": {
				"type": "text/javascript",
				"packages": {},
				"exec": [
					""
				]
			}
		}
	],
	"variable": [
		{
			"key": "OPENAI_API_KEY",
			"value": "sk-proj-kV5hYxTv1eVoN1W6xCkIT3BlbkFJJrlqjNDc3eeRgfZvsMbK",
			"type": "string"
		},
		{
			"key": "WEAVIATE_API_KEY",
			"value": "n6mdfI32xrXF3DH76i8Pwc2IajzLZop2igb6",
			"type": "string"
		},
		{
			"key": "URL_TO_WEAVIATE",
			"value": "https://zxzyqcyksbw7ozpm5yowa.c0.us-west2.gcp.weaviate.cloud/v1/graphql",
			"type": "string"
		}
	]
}