{
	"info": {
		"_postman_id": "597e4305-fc51-4cb5-8ffa-3d8b958851da",
		"name": "4. Conditional Filter (List)",
		"description": "A filter may consist of one or more conditions, which are combined using the `And`or `Or` operators. Each condition consists of a property path, an operator, and a value.\n\nThese filters define each condition through a list.\n\n[https://weaviate.io/developers/weaviate/api/graphql/filters](https://weaviate.io/developers/weaviate/api/graphql/filters)\n\n<img src=\"https://content.pstmn.io/09a41a62-eb33-4c25-a8af-1380104af878/eHgucG5n\">",
		"schema": "https://schema.getpostman.com/json/collection/v2.1.0/collection.json",
		"_exporter_id": "8067986"
	},
	"item": [
		{
			"name": "A. Contains All",
			"request": {
				"auth": {
					"type": "bearer",
					"bearer": [
						{
							"key": "token",
							"value": "",
							"type": "string"
						}
					]
				},
				"method": "POST",
				"header": [
					{
						"key": "Content-Type",
						"value": "application/json",
						"type": "text",
						"uuid": "e3087d38-a31b-4dfb-bcc6-293213531fff"
					},
					{
						"key": "Authorization",
						"value": "Bearer {{WEAVIATE_API_KEY}}",
						"type": "text",
						"uuid": "949094a2-5e01-4846-8560-9b8cf25b656e"
					},
					{
						"key": "X-OpenAI-Api-Key",
						"value": "{{OPENAI_API_KEY}}",
						"type": "text",
						"uuid": "6568a601-a0e5-48b4-bef9-74edf2a2c4f9"
					}
				],
				"body": {
					"mode": "raw",
					"raw": "{ \"query\": \"{Get {Book(limit: 10 nearText: {concepts: [\\\"Search for mysteries set in Western Europe.\\\"]} where: { path: \\\"title\\\", operator: ContainsAll, valueText: [\\\"murder\\\", \\\"express\\\"] } ) {title description _additional {certainty distance}}}}\" }"
				},
				"url": {
					"raw": "{{URL_TO_WEAVIATE}}",
					"host": [
						"{{URL_TO_WEAVIATE}}"
					]
				},
				"description": "Match a field with all phrases exactly from a list.\n\nAll conditions must be met.\n\n<img src=\"https://content.pstmn.io/1fc647ca-2817-4732-96c3-d488c011e3c4/eHgucG5n\" alt=\"\">"
			},
			"response": []
		},
		{
			"name": "B. Contains Any",
			"request": {
				"auth": {
					"type": "bearer",
					"bearer": [
						{
							"key": "token",
							"value": "",
							"type": "string"
						}
					]
				},
				"method": "POST",
				"header": [
					{
						"key": "Content-Type",
						"value": "application/json",
						"type": "text",
						"uuid": "6b3246df-36db-4be6-95e4-4ab09bc13b35"
					},
					{
						"key": "Authorization",
						"value": "Bearer {{WEAVIATE_API_KEY}}",
						"type": "text",
						"uuid": "665c4ce3-8099-4a1b-b72c-3f311576a836"
					},
					{
						"key": "X-OpenAI-Api-Key",
						"value": "{{OPENAI_API_KEY}}",
						"type": "text",
						"uuid": "a6b835e7-8ef8-4d5f-8f4e-49f1b88899fb"
					}
				],
				"body": {
					"mode": "raw",
					"raw": "{ \"query\": \"{Get {Book(limit: 10 nearText: {concepts: [\\\"Search for mysteries set in Western Europe.\\\"]} where: { path: \\\"title\\\", operator: ContainsAny, valueText: [\\\"murder\\\", \\\"express\\\"] } ) {title description _additional {certainty distance}}}}\" }"
				},
				"url": {
					"raw": "{{URL_TO_WEAVIATE}}",
					"host": [
						"{{URL_TO_WEAVIATE}}"
					]
				},
				"description": "Match a field with a phrase exactly from a list.\n\nAt least one condition needs to be met.\n\n<img src=\"https://content.pstmn.io/9bf21395-0203-40eb-b1b3-cb8151825570/eHgucG5n\" alt=\"\" height=\"754\" width=\"776\">"
			},
			"response": []
		}
	],
	"event": [
		{
			"listen": "prerequest",
			"script": {
				"type": "text/javascript",
				"packages": {},
				"exec": [
					""
				]
			}
		},
		{
			"listen": "test",
			"script": {
				"type": "text/javascript",
				"packages": {},
				"exec": [
					""
				]
			}
		}
	],
	"variable": [
		{
			"key": "OPENAI_API_KEY",
			"value": "sk-proj-kV5hYxTv1eVoN1W6xCkIT3BlbkFJJrlqjNDc3eeRgfZvsMbK",
			"type": "string"
		},
		{
			"key": "WEAVIATE_API_KEY",
			"value": "n6mdfI32xrXF3DH76i8Pwc2IajzLZop2igb6",
			"type": "string"
		},
		{
			"key": "URL_TO_WEAVIATE",
			"value": "https://zxzyqcyksbw7ozpm5yowa.c0.us-west2.gcp.weaviate.cloud/v1/graphql",
			"type": "string"
		}
	]
}