{
	"info": {
		"_postman_id": "2d95fec8-27c9-46f3-a6af-b98a36b523ee",
		"name": "5. Hybrid (Vector/Keywod)",
		"description": "A hybrid search combines two different search techniques: keyword-based search and semantic search.\n\n- **Keyword-based search** is the traditional method used by most search engines. It works by matching keywords in your query to keywords in the documents or data being searched. This can be effective for finding exact matches, but it can also lead to irrelevant results if the query uses different words or phrases than the documents.\n    \n- **Semantic search** tries to understand the meaning of your query and the meaning of the documents or data being searched. It does this by using techniques like natural language processing and machine learning. This can help to find more relevant results, even if the query doesn't use the same words or phrases as the documents.\n    \n\nHybrid search combines the strengths of both of these techniques. It can find exact matches using keyword search, and it can also find relevant results that use different words or phrases using semantic search. This can lead to more accurate and relevant search results overall.\n\nHere are some of the advantages of hybrid search:\n\n- **More relevant results:** Hybrid search can help to surface more relevant results, even if the query doesn't use the same words or phrases as the documents.\n    \n- **Improved accuracy:** By combining keyword-based and semantic search, hybrid search can provide more accurate results than either technique alone.\n    \n- **Better user experience:** Hybrid search can lead to a better user experience by providing more relevant and accurate results.\n    \n\nHybrid search is becoming increasingly popular in a variety of applications, including:\n\n- **E-commerce search:** Hybrid search can help shoppers find the products they're looking for, even if they don't know the exact names of the products.\n    \n- **Enterprise search:** Hybrid search can help employees find the information they need more quickly and easily.\n    \n- **Customer service:** Hybrid search can help customer service representatives find the answers to customer questions more quickly.\n    \n\n[https://weaviate.io/developers/weaviate/search/hybrid](https://weaviate.io/developers/weaviate/search/hybrid)",
		"schema": "https://schema.getpostman.com/json/collection/v2.1.0/collection.json",
		"_exporter_id": "8067986"
	},
	"item": [
		{
			"name": "A. Basic",
			"request": {
				"auth": {
					"type": "bearer",
					"bearer": [
						{
							"key": "token",
							"value": "",
							"type": "string"
						}
					]
				},
				"method": "POST",
				"header": [
					{
						"key": "Content-Type",
						"value": "application/json",
						"type": "text",
						"uuid": "a3f8e892-be3d-4f6d-b9e2-c80fdd79adc3"
					},
					{
						"key": "Authorization",
						"value": "Bearer {{WEAVIATE_API_KEY}}",
						"type": "text",
						"uuid": "9a70cac5-ffe7-457f-b06c-bd3145172eb3"
					},
					{
						"key": "X-OpenAI-Api-Key",
						"value": "{{OPENAI_API_KEY}}",
						"type": "text",
						"uuid": "16bd1ba6-b9ed-4326-bf0e-cd55a930b419"
					}
				],
				"body": {
					"mode": "raw",
					"raw": "{ \"query\": \"{ Get { Book( limit: 10 hybrid: { query: \\\"data science\\\" } ) { title description } } }\" }"
				},
				"url": {
					"raw": "{{URL_TO_WEAVIATE}}",
					"host": [
						"{{URL_TO_WEAVIATE}}"
					]
				},
				"description": "Basic hybrid search using both keyword and vector search equally.\n\n<img src=\"https://content.pstmn.io/d9c556d0-e141-4020-ba66-2af3802d183e/eHgucG5n\" alt=\"\" height=\"320\" width=\"714\">"
			},
			"response": []
		},
		{
			"name": "B. Weighted Vector/Keyword (alpha)",
			"request": {
				"auth": {
					"type": "bearer",
					"bearer": [
						{
							"key": "token",
							"value": "",
							"type": "string"
						}
					]
				},
				"method": "POST",
				"header": [
					{
						"key": "Content-Type",
						"value": "application/json",
						"type": "text",
						"uuid": "4f3155e3-09a1-4b25-b676-2dae58dda652"
					},
					{
						"key": "Authorization",
						"value": "Bearer {{WEAVIATE_API_KEY}}",
						"type": "text",
						"uuid": "89339be8-5709-47ce-9204-ad7cad4ff8c0"
					},
					{
						"key": "X-OpenAI-Api-Key",
						"value": "{{OPENAI_API_KEY}}",
						"type": "text",
						"uuid": "7a5dd5d7-580b-4603-ba0e-b83c98eefd74"
					}
				],
				"body": {
					"mode": "raw",
					"raw": "{ \"query\": \"{ Get { Book( limit: 10 hybrid: { query: \\\"data science\\\" alpha: 0.25} ) { title description } } }\" }"
				},
				"url": {
					"raw": "{{URL_TO_WEAVIATE}}",
					"host": [
						"{{URL_TO_WEAVIATE}}"
					]
				},
				"description": "Hybrid search using both keyword and vector search weighted by an alpha number.\n\nUse the `alpha` argument to change how much each search affects the results.\n\n- An `alpha` of `1` is a pure vector search.\n- An `alpha` of `0` is a pure keyword search.\n    \n\n<img src=\"https://content.pstmn.io/c2634dd6-f489-4e93-90d1-36b38ecdbec0/eHgucG5n\" alt=\"\" height=\"322\" width=\"858\">"
			},
			"response": []
		},
		{
			"name": "C. Target Property Vector/Keyword",
			"request": {
				"auth": {
					"type": "bearer",
					"bearer": [
						{
							"key": "token",
							"value": "",
							"type": "string"
						}
					]
				},
				"method": "POST",
				"header": [
					{
						"key": "Content-Type",
						"value": "application/json",
						"type": "text",
						"uuid": "3123f34a-d7bd-4c4b-a884-901f01fef9b9"
					},
					{
						"key": "Authorization",
						"value": "Bearer {{WEAVIATE_API_KEY}}",
						"type": "text",
						"uuid": "3e47d6b1-74da-44c8-b0fc-e8d967c5ea26"
					},
					{
						"key": "X-OpenAI-Api-Key",
						"value": "{{OPENAI_API_KEY}}",
						"type": "text",
						"uuid": "8365de03-9762-404f-9d97-708b6cc89f85"
					}
				],
				"body": {
					"mode": "raw",
					"raw": "{ \"query\": \"{ Get { Book( limit: 10 hybrid: { query: \\\"data science\\\" properties: [\\\"description\\\"] } ) { title description } } }\" }"
				},
				"url": {
					"raw": "{{URL_TO_WEAVIATE}}",
					"host": [
						"{{URL_TO_WEAVIATE}}"
					]
				},
				"description": "Hybrid search using both keyword and vector search targeting a specific property.\n\n<img src=\"https://content.pstmn.io/1508b2b0-cab4-4bdf-bc46-e4aa97dc4545/eHgucG5n\" alt=\"\" height=\"422\" width=\"658\">"
			},
			"response": []
		}
	],
	"event": [
		{
			"listen": "prerequest",
			"script": {
				"type": "text/javascript",
				"packages": {},
				"exec": [
					""
				]
			}
		},
		{
			"listen": "test",
			"script": {
				"type": "text/javascript",
				"packages": {},
				"exec": [
					""
				]
			}
		}
	],
	"variable": [
		{
			"key": "OPENAI_API_KEY",
			"value": "sk-proj-kV5hYxTv1eVoN1W6xCkIT3BlbkFJJrlqjNDc3eeRgfZvsMbK",
			"type": "string"
		},
		{
			"key": "WEAVIATE_API_KEY",
			"value": "n6mdfI32xrXF3DH76i8Pwc2IajzLZop2igb6",
			"type": "string"
		},
		{
			"key": "URL_TO_WEAVIATE",
			"value": "https://zxzyqcyksbw7ozpm5yowa.c0.us-west2.gcp.weaviate.cloud/v1/graphql",
			"type": "string"
		}
	]
}